{"train": [32.08817272970121, 8.892987412404796, 7.605695326034337, 6.6228534881382775, 6.078558277321733, 5.644446825872273, 5.443288160785692, 5.231221260001126, 5.183766121189344, 4.972531128147422, 4.87456801384007, 4.887088723378639, 4.86489025207415, 4.734551274068823, 4.687995740812119, 4.597010811714277, 4.646072323463823, 4.399839636397688, 4.508700435020064, 4.343189175270464, 4.453469472388699, 4.415358902656869, 4.25079443683363, 4.2835979722950555, 4.230682846618025, 4.200627002541878, 4.077947620931826, 4.18367744254195, 4.076368313401802, 4.013668705883636], "val": [9.944562391790694, 8.436416511198049, 8.603698714160883, 9.700889431504391, 8.897596805138164, 9.459416114549825, 8.91466470616801, 8.631170630226634, 8.197790255399445, 8.513135637743526, 8.218268251194718, 8.215200536050418, 8.202366714901876, 8.256989396195367, 8.539876505604704, 8.16211704405734, 8.078234699403929, 8.455243227849992, 8.32665110634492, 8.246991267273849, 8.653779957243206, 7.991129057631509, 8.05640056245306, 8.019608831273198, 8.316726252687038, 8.547294644182735, 8.294507369602092, 8.422148656235318, 8.440099767007347, 7.92220808713686]}