{"train": [30.37975149154663, 8.688228442452171, 7.402777875553478, 6.396108462593772, 5.992091083526612, 5.473295911875638, 5.316159324212507, 5.125040676377036, 4.944526238874956, 4.8069374593821435, 4.863658353415403, 4.628502940047871, 4.6845550103621045, 4.569553119486028, 4.5189024090766905, 4.449441339752891, 4.375350624864752, 4.362746564908461, 4.413775954463265, 4.184260181947188, 4.165268996628848, 4.154054033756256, 4.162728617408058, 4.027974759448658, 3.9481622544201938, 3.881604459068992, 3.8292675679380244, 3.8651194659146397, 3.839291321147572, 3.857143550569361], "val": [9.869540850321815, 9.41047840966601, 8.794066553062407, 9.134870920054805, 9.141423410853433, 9.004183105174443, 8.622647467826337, 9.330708314337217, 8.842132636137828, 8.360935790912372, 8.49253677761971, 8.255749397717517, 8.669933453303305, 8.787487981474627, 11.05876006410037, 9.206616494308085, 8.271959858535286, 8.978058056448331, 8.668709721983921, 8.891321309056448, 8.179491344832385, 8.335548874599164, 8.5609857829621, 9.220609662453175, 8.99201711569407, 8.24914169342169, 8.361761233322811, 8.341129230577096, 8.377711533507435, 8.505404557622846]}