{"train": [0.24192290575371175, 0.152905491528979, 0.1407715814745971, 0.13252720453614109, 0.12770384532445175, 0.12377743047304363, 0.12077236736536832, 0.11581314202593467, 0.11280612578196372, 0.1063513939478474, 0.1022794082659957, 0.10367522287842788, 0.09802180875325969, 0.09544420287693818, 0.09256677228056033, 0.09322929168640054, 0.09341951858019062, 0.0876173292256753, 0.0856923017707573, 0.08178599709534605, 0.07161561359987041, 0.06930175116017788, 0.06801928217993977, 0.06890459787951508, 0.06660601578640252, 0.0679045749383832, 0.06865587446668427, 0.06866211030008224, 0.06758832033918998, 0.06676026082608703, 0.0676940721845768, 0.06811172595206655, 0.06643039843480397, 0.06874130453202124, 0.06838401968003126, 0.06536991127125301, 0.0669365510306685, 0.06749552589811246, 0.06749374263757578], "val": [9.93540273222716, 9.410333235429361, 9.979634270617046, 8.534977758481991, 10.027265143759752, 9.007485140876208, 9.098802927330219, 8.597497347295437, 10.296514679260348, 9.525109575344137, 8.375771319480334, 8.974745152010398, 7.908975957066936, 7.836272703913418, 8.669165176522013, 8.2522326842975, 8.024158195134067, 8.09040271841699, 8.34355984178455, 8.344218355857178, 7.686392192762592, 7.8645851269589615, 7.6151370482927625, 7.599318165919158, 7.85604414657209, 7.708225520698226, 7.563893190423308, 7.619723009038188, 8.160364869071328, 7.705244468436674, 7.732865129403581, 7.884816651232098, 7.685847482848733, 7.686142484353569, 7.638547141516875, 7.869313528897854, 7.580942809202163, 7.596174563215908, 7.693091657308859]}