{"train": [1.7967537493272863, 1.6339629378071423, 1.5699016205852592, 1.5145926244173848, 1.4694654960331954, 1.416591878840635, 1.3829432214753061, 1.3503438198853555, 1.3266533968927905, 1.2998166430487905, 1.2805986101702442, 1.2432485409857443, 1.2297076151955177, 1.2101015291759514, 1.1911152634233058, 1.1664473572060046, 1.1664722433875367, 1.1313757688538681, 1.1097074218263445, 1.097918763294326, 1.0722249437808549, 1.0608146605239306, 1.0463162116454452, 1.0289565904265259, 1.011093754509413, 0.9846181237432569, 0.9731864081096075, 0.9632547613355836, 0.94110727696686, 0.935923684541966, 0.923049946862992, 0.9030355235157106, 0.8838814559939174, 0.888911955966172, 0.8762904409527944, 0.855275834777279, 0.853298748958547, 0.8308403679912097, 0.8247445426077245, 0.8135614352971108, 0.8069033340040651, 0.7840372838387063, 0.7937938213044706, 0.7808743167691012, 0.768872890340172, 0.7729849259905265, 0.7428583918676822], "val": [18.67865599846463, 12.242288757360276, 12.984273773682785, 12.260672170594999, 12.914542897662448, 15.664497742069424, 13.578961941208203, 13.029515415283829, 11.607985935180176, 12.154194363536782, 11.220023247724708, 11.71478535660196, 11.385772045457433, 11.605886188810928, 11.551927283490349, 12.98403787365474, 11.182402140304534, 11.402927425905006, 11.887657535253023, 11.53993066151837, 11.932187988393673, 12.07443810192705, 11.355161867743988, 11.439830790537325, 11.199826636902962, 12.752454504748938, 12.03192983134864, 12.595803639212374, 11.823401491858574, 12.131178461230816, 11.747274910157119, 12.712236413222486, 11.898577414903825, 11.886123545815442, 11.818925631746767, 11.759616202644608, 12.420528478904458, 12.309217017652507, 12.265909875249648, 11.766645491332483, 12.194528252912004, 12.010874503590472, 11.871246735996477, 12.29326856758065, 13.523688952317169, 12.29125562621018, 11.978611936418307]}