{"train": [16.773875833566215, 12.4513278596494, 11.168311983195657, 10.475344913663395, 9.959224724325836, 9.55292009137407, 9.24034574995993, 8.773950731693791, 8.49890683185429, 8.48204835417307, 8.11374452755536, 7.836032308297714, 7.695968558542216, 7.581041081100954, 7.462101746735033, 7.44184240673601, 7.349880388747214, 7.15589745193972, 7.208346748513417, 7.002669265024149], "val": [8.63874310907743, 9.234764038690283, 9.50784729088357, 8.445578653720233, 9.672265657505363, 8.849647217113377, 8.84450374833142, 8.83950095790863, 11.40942938094324, 8.760720202566576, 8.761557327087864, 8.9109972329822, 8.771904281816333, 8.226825222421073, 9.211447499742974, 8.129923825443514, 9.727922287045885, 8.156438506483278, 7.8700130202209575, 8.856904872559724]}