{"train": [10.586873185516898, 8.303898470860531, 7.169923674497154, 6.073096726969588, 5.226308459054638, 4.581239783226219, 4.054323241333342, 3.6916753168197705, 3.422107633763006, 3.151427129093157, 3.013794439075023, 2.8361683150975585, 2.654145300913277, 2.5018052635015984, 2.448100455735631, 2.338547357709242, 2.183606833386555, 2.160344482645341, 2.0618938037895473, 2.0609104612492737, 2.041698547325231], "val": [8.260754535997512, 7.64661286348987, 7.106832583111017, 6.750651882845577, 5.6966451918021646, 4.883151512044354, 4.586733590386606, 3.802504860088883, 3.713131580132015, 4.839380076152914, 6.170981102499252, 3.849413869565681, 3.8115468200770857, 3.943881551637252, 3.1396258610772256, 4.4036722566098705, 5.257786388675298, 2.8703466821952466, 3.0243273064520144, 4.444031616394382, 4.805965902123526]}