{"train": [17.193884906893818, 13.753519153758038, 12.860104944332946, 13.322788212706337, 11.412015001058375, 10.732871433240662], "val": [68.17060288501406, 89.74584601727567, 15.240107527916773, 11.304859004599246, 9.455028974284245, 10.011936805061033]}