{"train": [0.5624612534057216, 0.48145680475312286, 0.44907830799133924, 0.4111122407498819, 0.38042477001714287, 0.35024431615985063, 0.31288592342758353, 0.2846503447587703, 0.25426246428404103, 0.2298037615113371, 0.20818095597826314, 0.18752863324122634, 0.1716007507229746, 0.15824947035653605, 0.146460410656995, 0.1347776180760432, 0.12870323196081113, 0.12389228695761127, 0.11831078016824223, 0.10862279977069693, 0.1059149659099424, 0.10000315528352637, 0.0991022362118831, 0.09384267333241014, 0.09038410631740477, 0.0881372531768126, 0.0872398344536742, 0.08468972383418145, 0.08359185624617485, 0.0794969687616645, 0.07544315695519344, 0.07488639316003512, 0.0747313989846587, 0.06975623438261612, 0.06989553415023685, 0.06973565730165765, 0.06739007170869002, 0.06603191628937419, 0.06649421486743019, 0.06566646753155962, 0.06516469478039498, 0.06290494476416118, 0.06173742732297131, 0.06067125596996395, 0.06070691416615507, 0.06043124144000483, 0.05997665756998472, 0.05781021068151307, 0.056126488535093416, 0.058634218845892594, 0.057022692832143326, 0.056852078773366004, 0.05489599948896474, 0.05401659582108742, 0.05613981035200257, 0.052909384831663644, 0.054424150389648936, 0.05149298289254991, 0.05370816886153257, 0.05171095784934735, 0.05232528098369291, 0.052348726868824434, 0.0506639885759277, 0.04984242189503023, 0.05163648807615794, 0.051755705508202896, 0.04891590125649139, 0.04934790696074816, 0.04806567950673736, 0.04943098772995281, 0.04968561024580629, 0.04805457255241839, 0.045654580485802135, 0.04632331390902676, 0.04694716044778851, 0.04788649313353716, 0.047390186475894415, 0.046206001905166216, 0.04596284758485077, 0.04609864819303134, 0.04484088339179844, 0.04528264299482832, 0.04313099205635416, 0.04716966408570161, 0.045881206571543355, 0.04303564118814964, 0.043621171255811234, 0.04588482154756716, 0.04245673185870079, 0.044875466674583524, 0.04486532866111048, 0.04386108522029484, 0.04288146632730844, 0.04204873350565807, 0.043052485588836197, 0.04364393591999856, 0.04254650526139549, 0.041871258362846456, 0.04329415574331646, 0.04201695864647886], "val": [10.763529594554122, 10.203923037308842, 10.266808793113466, 10.216316930670336, 10.193931858722818, 9.85335224561961, 9.669640542544963, 9.881993484686491, 10.884947395031778, 10.108559467768066, 9.309724016297398, 10.912253989750093, 9.72273008095055, 9.390966968260312, 9.592544891610425, 10.070596192809838, 9.732793039523091, 9.476778365466487, 10.337306931712064, 9.700326221792468, 9.569858505516576, 9.845759492473302, 9.529629949907054, 10.055739294566564, 9.992157272618282, 9.330804341822127, 9.203910077901297, 10.050487402138513, 9.483880586778929, 9.650266845333812, 9.641950740515199, 9.969611380544528, 9.716245455965725, 10.218647409586278, 9.479967102120673, 9.31811733130836, 9.892137392747433, 9.780069398404429, 9.645487070025787, 10.31787578051534, 9.584298237064807, 9.895658960130177, 9.965739779961412, 10.02835096279791, 10.08592436643325, 9.687415030579755, 9.59142079206232, 10.925447908948103, 9.34078853665862, 9.222771661323879, 10.185397257989303, 10.104255820647984, 9.443929233271684, 9.380874711032234, 9.129307711454375, 9.443884276161407, 9.757845083656749, 10.021350939220065, 9.925921088221022, 10.002086486340918, 9.548000378767107, 10.306838331951077, 10.435024215685095, 10.983394230135128, 10.078339811765678, 9.562327544237473, 9.554327615705983, 10.39710417456957, 9.877336302089246, 9.296621354710362, 9.605795052139356, 9.650281461709156, 9.675309663887566, 9.756316205343929, 10.948924447926549, 9.212520122187442, 9.49793769751541, 9.557021755425913, 10.226505977826564, 9.806685755630129, 9.686203723223446, 9.531469561552457, 9.854573377591748, 9.990863436978719, 10.407740281306568, 11.270909986029634, 9.983360825283382, 10.594823930558473, 10.02912195659443, 11.135128651254487, 9.732231634610004, 10.206779809684232, 10.296908082401522, 9.987082732008005, 9.83248633784283, 9.491106367503992, 9.754085225160198, 10.424668150708749, 10.28296962014309, 9.783089635588022]}