{"train": [1.1456665992736816, 1.1352524995803832, 1.0938482999801635, 1.0683332681655884, 1.0096994161605835, 0.939128839969635, 0.8330973029136658, 0.746885883808136, 0.6173526763916015, 0.5029350161552429, 0.39609869122505187, 0.36234053373336794, 0.2533230036497116, 0.24869696497917176, 0.16482225060462952, 0.19229148775339128, 0.1644323065876961, 0.12948960214853286, 0.1426036313176155, 0.14300176054239272, 0.07945643067359924, 0.11356378495693206, 0.06997808367013932, 0.12439832761883736, 0.06411323174834252, 0.05661074891686439, 0.062921442091465, 0.05430245697498322, 0.04461553767323494, 0.03999858722090721, 0.050506686046719554, 0.044233692809939384, 0.03653046675026417], "val": [44.65734802707616, 42.32682986816491, 39.22280697496286, 32.59435145736862, 33.656489906530155, 28.901391700868558, 25.249148375260045, 24.437409253336124, 25.02185479912027, 20.99768676097173, 19.07944024765548, 18.506938263600606, 15.083965373192312, 15.099708267738968, 14.213758397404876, 12.771529519517424, 13.718632132073543, 13.859670201813167, 12.81475485130972, 12.805138633410998, 14.112645777914684, 14.849357057696198, 12.974120258099259, 14.352200369499972, 13.230375266787911, 13.456311027620355, 12.767313881334712, 13.703457222922244, 13.682976432612339, 13.176512788260887, 14.246597300011596, 13.016653700942562, 13.625883473980899]}