{"train": [22.28794704259828, 15.802972742568615, 14.771003887265227, 4.284125010172526], "val": [12.689508293700184, 14.581440436511546, 10.400022975499985, 6.466857150515896]}