{"train": [0.969308602809906, 0.31201556622982024, 0.1850543349981308, 0.1151638850569725, 0.09567216411232948, 0.23204245865345002, 0.17977944314479827, 0.18608035296201705, 0.10697120800614357, 0.10048063397407532, 0.12408649809658527, 0.06090738847851753, 0.08214274346828461, 0.08819513693451882, 0.05427173525094986], "val": [40.20662214142978, 32.30964469413617, 31.44696686043773, 28.158681501802644, 29.139801766478666, 26.102715221154345, 21.6826447750237, 28.075753483011795, 25.603892744726807, 24.366262141459426, 26.048351193129932, 29.72546383269017, 30.737628436578824, 30.92211689955059, 24.655585811313212]}