{"train": [22.83441412320701], "val": [19.326610229311534]}