{"train": [5.424428272247314, 5.274209499359131, 5.2626035690307615, 5.094483470916748, 4.748247528076172], "val": [191.69476035080328, 152.64784764956815, 149.98760125721432, 149.56040264835573, 122.35465054889102]}