{"train": [19.79768331429648, 13.861625635386508, 12.37778596449583, 11.38879164129896, 10.867328217759514, 10.46954921331048, 9.895746755401202], "val": [12.709848264762847, 9.00358031271413, 8.155382261831702, 8.44335465634595, 7.872680177864654, 8.611571158722919, 8.173330112964894]}