{"train": [17.904065191773366, 12.916645124036993, 11.592834597663119, 10.865679022005832, 10.300460132088249, 9.762734480509332, 9.359165478326922, 8.947362980173384, 8.64984117177086, 9.1395247021225, 8.085031275066749, 7.7923768530735655, 7.7924241999775905, 7.826537074397812, 7.828182501834871, 7.6192029738326825, 7.529764511564254, 7.460301861160052, 7.2935240037908375, 7.220480877472991, 7.577824696836344, 7.419665964514418, 6.840612138294964, 6.726486327859084, 6.761017292613727, 6.870579231442429, 6.846342890943958, 6.8520550960851745, 6.745048503403091, 6.752567145381608, 6.693366839301537, 6.60720611413688, 6.582755549520517, 6.522874333340573, 6.453886649187873, 6.422042166761581, 6.369681068568828, 6.426880620264686, 6.264800728775385, 6.313117422070311, 6.271096468634382, 6.233648731510857, 6.544909338533685, 5.952450031039338, 5.902603630778855, 6.000938531920665, 6.0204678999709555, 6.118524156714435, 6.040149070422591, 5.988262927990481, 6.017587185126866, 5.888689641325271, 5.928145663171744, 5.898581999659041, 5.88161216084744, 6.050544860021778, 5.67675540666991, 5.543763272239964, 5.640725588456189, 8.37528282715911, 6.026278589875017, 5.644610257102362, 5.488213314950438, 5.471609792647509, 5.622811636255538, 5.65908353424779, 5.574738801768004, 5.482028559326518, 5.515026594102797, 5.460776526599971, 5.463224441379019, 5.401130188499794, 6.543182761208666, 5.738810885333529, 5.660435802133727, 5.620483715371878, 5.588866584772531, 5.623435973127223, 5.621816403670353, 7.013592837418932, 6.32379020403358, 6.032962369167898, 5.9274513275328475, 5.9250501355069165, 5.889989512559715, 5.964377010017702, 5.948798462548373, 6.68013484768428, 6.188835619002815], "val": [9.870415645698165, 8.523478987350087, 9.442593787833722, 8.559188705140086, 9.471622730852205, 9.200877814207297, 8.207855669346609, 8.336944011983212, 7.829398066542146, 9.083150566628728, 8.945998961206591, 8.403730768480104, 8.31869166264504, 7.751016493469707, 8.079804260851809, 7.710549579971953, 8.114914367499019, 9.023184168652124, 8.747248501225341, 8.252107571024341, 9.320630749559847, 7.942021133873631, 7.871029971881194, 8.218264805792229, 8.716662516964108, 8.361647309098611, 8.596946073730527, 7.87347516598007, 8.101200357944153, 7.75095841618059, 7.484728422249346, 8.085330595100865, 8.489803233158215, 8.007749048218288, 7.649117371642736, 8.258195001906874, 8.155175854306915, 7.952070673324942, 110.39782952881048, 8.418859645808928, 8.248061835356065, 7.768677663306707, 8.015294023423838, 7.734275247964843, 8.151097765567878, 7.829686556239538, 7.907111496252141, 7.729624234559986, 8.262538937934119, 7.95590550617882, 14.341333207734213, 8.20777418958373, 8.088659796961188, 7.895249811814108, 72.84234336315036, 7.838475948526755, 7.735862512578669, 8.541320663823527, 8.060099946120891, 8.916836833963327, 8.4639618140241, 8.533628889349798, 32.91500299529845, 53.68032810286475, 7.861505226786973, 7.674999087006913, 7.704722466088205, 7.904698311118806, 7.993355964816165, 7.786227557329247, 7.718877384861289, 7.872274847463299, 8.292315973580337, 8.166397998331837, 8.38537884357738, 7.904725258515139, 7.826949971204793, 15.227259255490752, 7.750766683097493, 8.186963966773417, 7.862003480219779, 7.8151570097780985, 7.9016297853643085, 7.922290138837992, 7.685981038698009, 7.902446371151526, 7.639401503647571, 7.917892090122016, 7.800319754189376]}