{"train": [10.614094150521325, 8.357138782429447, 7.168749398093304, 6.0406034000402835, 5.177676692847605, 4.530962232242815, 4.071739815253081, 3.682865253473429, 3.4159545399584643, 3.1013076557997294, 3.0329680269102366, 2.761735003774631, 2.6594828804047674, 2.525542450262955, 2.4952183562276966, 2.3390659516672785, 2.2992299177470383, 2.19204892422124, 2.0696134601461433, 2.0142056764619714, 2.0954176598798444, 2.0567782931178926, 1.9573204241134277, 1.900148098886188, 1.8812226301547779, 1.903166122171826, 1.8904578577272728, 1.7935286832549333, 1.7499367882163803, 1.726151780379687, 1.863609982850808, 1.6150275566974321, 1.7898959195992454, 1.652235786478011, 1.6711003617792406, 1.71411422899573, 1.5945750114868125, 1.6438856080178423], "val": [9.341116881281536, 7.83643295999304, 7.179306649163419, 6.025582667980574, 5.116789040479684, 4.546761753803301, 4.281886277286655, 4.067612157331519, 3.64992210255428, 3.682324638334835, 3.544768964597604, 3.2635747508568342, 3.369439640640203, 3.0553195176715136, 2.892721091052409, 3.045176747019116, 2.5872375944634656, 2.3816513094859504, 9.752864074217749, 2.5528770964885896, 3.2812685642097663, 4.575507443182439, 2.2980888612484147, 2.391274836006819, 2.3918345072809712, 3.443058342103825, 2.2382721760575754, 2.615646560534326, 5.364885045614797, 2.1677183293131415, 2.307883560872057, 2.0389399381020956, 2.9905886476879773, 2.607984715946724, 3.0348606872488615, 2.0748263924003045, 3.860027410989938, 3.157670905683239]}