{"train": [10.46803885559925, 8.357626372221027, 7.031939294518297, 5.952900047330243, 5.1099614334450045, 4.502291390855757, 3.9935439895050093, 3.624556486117289, 3.36262748567206, 3.1071320798099915, 2.929360584128466, 2.774937091921691, 2.6138680522079816, 2.55474489761856, 2.358722760800142, 2.3182536269748626, 2.2286684218011668], "val": [9.735517993871422, 8.511046126541983, 6.6677095435952465, 5.8582679051693365, 5.005868122826733, 4.428352674937747, 4.1844818988103505, 4.593676687449964, 3.6370224109126994, 3.3858508936626346, 3.413241039913347, 3.0428466432465684, 3.5777840887693997, 3.013983572889804, 2.9563511337979813, 3.1926039963845434, 2.781531891775289]}