{"train": [16.127619807175765, 11.479497750526559, 9.71917310606942, 8.777629299481857, 8.283105453333958, 8.007205744593604, 7.6727908473701705, 7.454764139547343, 7.304013336847755, 7.170764412246075, 7.129174495748261, 7.026083415390552, 6.978228151604996, 6.851444393244536, 6.816102536313232, 6.726404162787243, 6.718142777805585, 6.6241914924508505, 8.315741689075967, 6.401639179589297, 6.359877846427624, 6.334507536479531, 6.409647072725353, 6.425277695052874, 6.43649544556862, 6.449932196340168, 6.435951523341311, 8.837526835904955, 6.359015124989307, 6.13111494072282, 6.094506633342444, 6.091070374055503, 6.117287240132185, 6.222618408256132, 6.273273974339572, 6.239564781555592, 6.185921125138121, 6.183783223309855, 6.1083050726077355, 6.14716832612388, 6.084182398028814, 6.114550701607814, 6.062690936950358, 12.236099185188262, 6.387297114932797, 5.983354291964483, 5.850159440564027, 5.785397408239374], "val": [9.467665627646891, 9.461953286207512, 8.2965042632648, 8.472697121208759, 8.417073378949341, 9.484268396580969, 7.58954719088961, 8.213617597243774, 7.782985256681239, 8.836389480352565, 7.713169334446585, 7.403834054005531, 7.811230552843014, 7.210657022296524, 7.72404202750428, 7.127575214064339, 343.7793332565161, 7.930327643176637, 7.623941591574229, 7.415073672426667, 7.225111996750387, 7.489273333668433, 7.759854100195588, 7.7698443646765565, 7.924306397389489, 7.276892840722461, 7.308812615104753, 7.618452697325429, 7.6774324121044035, 7.310369111938156, 7.436988274038119, 7.404032926716116, 7.3977117054685655, 7.9817657897028145, 8.32119325278338, 7.6384043726130715, 7.6333763341066945, 7.410899905709236, 8.312336028384411, 7.5302030712222825, 8.150861590061526, 7.733037133521526, 7.465690800628285, 8.383643822579279, 8.222081250866598, 7.725750308328475, 7.413915287742739, 7.5445769276909544]}