{"train": [49.983439922332764, 50.10366630554199, 50.080729484558105, 49.95110368728638, 49.32892894744873, 49.50403308868408, 50.12342834472656, 49.466551780700684, 49.41650438308716, 49.42443513870239, 48.81832933425903, 49.426297187805176], "val": [42.36673615032494, 42.35212190454816, 42.30675274852704, 42.273504541236186, 42.1867953259049, 42.13382909298013, 42.07123823842201, 41.94511833901483, 41.86214247959331, 41.7575837517121, 41.66508447516837, 41.71101149358174]}