{"train": [29.032367218574976, 8.457613437687426, 7.078345917131259, 6.2121014812765605, 5.671818911757099, 5.42833674661645, 5.1038776358512985, 4.84220141689527, 4.736781528551284, 4.636637351284288, 4.495617493102539, 4.46243212647634, 4.397277509785134, 4.332663951943454, 4.218096995462566, 4.142509980833149, 4.059006858634078, 4.056687264681951, 4.057466836824809, 4.077762599405088, 4.0370247407590965, 3.907346490311296, 3.7276260504439542, 3.6895905205103903, 3.7046556211497688, 3.611685731095266, 3.536236715099039, 3.552734420724111, 3.5665790849624703, 3.61672108576178], "val": [9.003321059943415, 8.691907135321214, 8.825381352242958, 9.366866909310929, 8.489695672906931, 9.69956172607246, 9.107881340702296, 8.212239440694802, 10.188155747694696, 8.10143658050307, 8.43511746557825, 8.018685010464088, 8.68663156084498, 8.393917669208266, 8.941865467702563, 9.522651456372577, 9.44298647628538, 11.392349508790241, 8.454533177401371, 8.234591883049886, 8.127265115059, 8.383529497714237, 9.427428315340899, 8.308867821165798, 8.618154271216753, 8.437266727395343, 8.654397720353874, 8.411698903463053, 8.161204428752113, 8.52104008272514]}