{"train": [32.08490058602808, 8.877263448009753, 7.670209131284391, 6.746628687261991, 6.122040635374583, 5.830916509236375, 5.412886266839014, 5.3057156458292924, 5.20655731523418, 5.023060399103382, 4.924702405929565, 4.728612169283166, 4.803609552993078, 4.695198122224851, 4.695546931872085, 4.554448002549611, 4.597788389414957, 4.43549952223965, 4.499752893839797, 4.442546166241441, 4.451752480850916, 4.360050856794941, 4.4235798561409725, 4.212894233938766, 4.174054717364377, 4.167767485527143, 4.05731152290623, 3.9860476859628338, 3.9963866847835177, 4.196182453469055], "val": [10.162257302675092, 8.405054306590085, 9.241256611875626, 8.384791929672543, 8.50642295754824, 8.823524352903497, 9.132366197222602, 8.066863405010062, 8.319215691335383, 8.268410838383813, 8.105328033930512, 8.536493672194739, 8.077852656477564, 8.344293270017461, 8.374669662441113, 8.184540996823209, 7.9363912737833004, 8.481453207999282, 8.101758511067331, 8.124337323247769, 8.101723350412264, 8.380096762527451, 7.803201057695884, 8.297604601885967, 8.446418533870158, 7.9021525734989, 8.133208058529949, 8.622724920071324, 8.282930697869686, 8.508363874315679]}