{"train": [16.773875833566215, 12.4513278596494, 11.168311983195657, 10.475344913663395, 9.959224724325836, 9.55292009137407, 9.24034574995993, 8.773950731693791, 8.49890683185429, 8.48204835417307, 8.11374452755536, 7.836032308297714, 7.695968558542216, 7.581041081100954, 7.462101746735033, 7.44184240673601, 7.349880388747214, 7.15589745193972, 7.208346748513417, 7.947806758525609, 7.485844984070702, 7.046017345841564, 6.733921999858721, 6.69416887102595, 6.582438407613945, 6.4878588715180525, 6.455761660174065, 6.388331638374909, 6.41255811749376, 6.286799793921146, 6.2443408639297875, 6.183228238988447, 6.1426149302125985, 6.118668380324207, 6.003318701500417, 6.051016488857883, 5.919517509828364, 5.942043030927629, 5.904033077953229], "val": [8.63874310907743, 9.234764038690283, 9.50784729088357, 8.445578653720233, 9.672265657505363, 8.849647217113377, 8.84450374833142, 8.83950095790863, 11.40942938094324, 8.760720202566576, 8.761557327087864, 8.9109972329822, 8.771904281816333, 8.226825222421073, 9.211447499742974, 8.129923825443514, 9.727922287045885, 8.156438506483278, 7.8700130202209575, 8.498030634259196, 8.266775997738106, 8.142123788931842, 8.451537188001375, 8.022209161546154, 9.101759257459314, 7.850690993776723, 8.639574722088101, 8.886958871740289, 8.531783067279983, 8.057609028061085, 8.08311358143706, 7.82768744269781, 7.901029486612838, 7.774797088769312, 7.793656204192321, 7.820290037877022, 7.854308647349233, 8.151045025386379, 8.300249108800584]}