{"train": [0.21498776659646818, 0.15451606792947767, 0.11158424845302568, 0.08841655496665467, 0.0761258145589413, 0.0675217438167727, 0.06360243964316276, 0.061663317171046776, 0.06055743747757978, 0.05970757543511197, 0.058811858359428024, 0.05876462186124119, 0.05863469316546889, 0.05806123964526327, 0.05807228446284123, 0.05763506763275908, 0.05780903326880105, 0.05769683299003115, 0.05842634390680318, 0.05859699665668047, 0.05849549042568392, 0.058599695487675935, 0.05872931479525243, 0.059078178637977784, 0.06021276065944214, 0.060030063774985105, 0.0603310388218227, 0.060793544718910596, 0.061353619284486606, 0.06198627349184652, 0.06281870618689483, 0.06401942365892647, 0.06493230757197954, 0.06705839478122401, 0.06675461114284956, 0.067616003797139, 0.06576058385789697, 0.07023121765144989, 0.0727877335689092, 0.07349351139868375, 0.07282378109780262, 0.06919122844077205, 0.06833756411867295, 0.0771181660809896, 0.07251658136822448, 0.07195114051882184, 0.07401965129269561, 0.07175020030786342, 0.07678699488365509, 0.07353596495190248, 0.07373587319441455, 0.07869803933221878, 0.0781141655258015, 0.07280875584220926, 0.07580560131247475, 0.07441866032262341, 0.07265884391396178, 0.0774117215345858, 0.07867842269730448, 0.07277767354537387, 0.07777268302748247, 0.07801270512028798, 0.0746890206879569, 0.0742650816056329, 0.0766818528953946, 0.07457491112542032, 0.07688448365695787, 0.08026951564044113], "val": [8.536171983673057, 8.66650453899983, 8.011869377778718, 7.976112894668619, 8.058512253977389, 7.795018231424337, 8.12226538332924, 7.747697636416394, 7.563748800910056, 7.6275975729242935, 7.606519891180109, 7.60630412842164, 7.905322683439335, 7.448350990137566, 8.0722613439867, 8.055107649953495, 7.868885646898015, 7.581062569531071, 7.568011407291841, 8.182593848741089, 7.950889235666998, 8.144992769813328, 7.597762972593665, 7.71889544733919, 7.78515620887656, 8.685401453094567, 7.5815647850179015, 7.674455423279966, 8.14879323167871, 9.137520202640157, 7.981362462209869, 9.06457945993371, 7.797560073607427, 8.387876596391749, 8.01598276381775, 8.125075679234175, 7.939926604994188, 9.01230702326676, 9.698195664793896, 8.781744087013328, 9.308881937072366, 8.050889970410914, 8.190693311808632, 8.065531364488342, 9.476401648155937, 10.518625752578965, 8.838494340256084, 9.002271673922493, 8.9035672595654, 8.311550012062046, 8.511758436989474, 10.359887621605758, 9.012236562817016, 8.924724996574891, 9.743878103189523, 8.632729578625959, 9.2466142064653, 8.665651806097438, 8.91879368256929, 8.917769520503576, 8.176140445958422, 10.87681492458664, 12.125436379148796, 9.259304074943415, 8.641440288571241, 8.75173421683531, 8.689886783406175, 10.869271645057074]}