{"train": [10.441091775130614, 8.22493721040879, 7.018628389637471, 5.95517621499747, 5.159886817980487, 4.489849099961478, 4.037542348579945, 3.6963676488141806, 3.3977238516315067, 3.1333401388952757, 2.9217218257822863, 2.7587935195021354, 2.614060909772893, 2.5057907601754317, 2.4054566152037893, 2.244787522465635, 2.369543122710754, 2.0960295008346814, 2.2257612689609747, 2.0994125831944803, 2.12224529172568, 1.8591429298325541, 1.9865602637597137, 1.9360844868642666, 1.7907347089931873, 1.7484894037119445, 1.8744617838652127, 1.864636447148416, 1.6994821116674224, 1.6392261438729891, 1.6925900207381583, 1.5246012092972872, 1.6253604469917793, 1.6708647233026646, 1.8197683176422934, 1.6273106708665324, 1.5695690433756968, 1.5485546287613485, 1.4519426297721527, 1.565588443047656, 1.4293858131186499, 1.6834579402839849, 1.3733105888152268, 1.4808203508082727, 1.4428686386892438, 1.5239110623705314, 1.5260921831461216, 1.3894433512078752, 1.4791047101279147, 1.4993795119335342, 1.4426166500398119], "val": [10.037037004008189, 7.5302949562867445, 6.491698011995839, 5.937310059827393, 5.218142887267412, 4.548553103245512, 4.297848540439811, 3.945158103269064, 3.7310409307428816, 3.528740979135245, 3.254974303079441, 3.540022413149536, 3.1300412349475955, 3.0139893671272833, 3.309620277978701, 2.7865991630498534, 3.5235358089106215, 2.693799212962881, 2.3770711414970886, 2.148020152362701, 2.5243146467589495, 2.376974354006657, 2.4481246805752166, 2.2565849216267955, 2.1066918876830893, 2.876051688418674, 2.375184634981681, 2.2919818161150407, 2.557300115310371, 3.735042114130482, 2.147021591109062, 2.7218808874147014, 2.55480677224057, 1.8848053898366945, 2.2089607025462974, 2.4239526756752774, 2.436719050451091, 18.031779566903182, 1.9141239388798779, 1.9910703404512782, 6.015274983801797, 2.141796865365205, 1.8115168801729027, 1.8701435049070871, 2.212678743813566, 2.6812014785891543, 1.8833734140779435, 1.8187811570151335, 2.2022186073176204, 9.122663007345283, 1.7034717054716946]}