{"train": [10.420351374457924, 8.191124906341393, 6.97998635508647, 5.895484378059801, 5.046484843393564, 4.428692671309034, 3.9306374665798107, 3.6152684686341092, 3.3314059199986534, 3.090094895626279, 2.8980987925576565, 2.732755436272439, 2.5952983514639674, 2.497137827016781, 2.3713966841248473, 2.3001870040833743, 2.2119214797707154, 2.102311326387185, 2.116534682840292, 2.0475637975743144, 1.9003535354172416], "val": [8.810452368758607, 7.763095396893763, 6.82195455025029, 5.850128105558893, 5.408964685123372, 5.052345892704952, 4.024719694425797, 3.8352149272068905, 3.533313821249625, 3.845673492341717, 3.0754640584018493, 3.2417450025270935, 2.8485704077034533, 2.730557698194589, 2.808117565229188, 2.8691203215254735, 2.419316118416016, 2.52334145260572, 2.767719008209296, 2.369581212021212, 2.246929266797269]}