{"train": [34.55901240867023, 9.073803061219655, 7.739196816535845, 6.850396419769009, 6.269891007305825, 5.868573069028114, 5.643079137148923, 5.385577841980816, 5.2667203428538425, 5.094763934340107, 5.089847499377107, 5.010458305001803, 4.922029477820549, 4.755533412166926, 4.869658051016124, 4.72102003881376, 4.6952207458618025, 4.661112490309972, 4.682195046176649, 4.68944546294539, 4.4230612064605435, 4.518438316371343, 4.341670881123303, 4.330484172524927, 4.351735659385925, 4.323198972771701, 4.302339638749214, 4.1468421574596945, 4.183656912416084, 4.131547749314678], "val": [10.304077956607486, 10.686205645336226, 8.901234396800678, 8.396932350177345, 9.406053752689612, 9.901879401767367, 8.741525530345921, 11.082187905076674, 9.265972378312817, 9.397567204368851, 8.399324349482514, 8.562765701312719, 8.594889911808215, 8.714643170564441, 9.066215571403195, 9.055728039597282, 8.479293203130421, 8.593597872814158, 8.415206394280315, 9.802359471414599, 9.242322647817392, 9.258872382361568, 8.435850644210078, 9.262103544550751, 9.43183891001635, 8.67396201324221, 8.257791917997862, 8.496475196749973, 8.612294678153878, 8.174914486278473]}